Division,Category,Gene_Symbol
Core matrisome,Collagens,COL10A1
Core matrisome,Collagens,COL11A1
Core matrisome,Collagens,COL11A2
Core matrisome,Collagens,COL12A1
Core matrisome,Collagens,COL13A1
Core matrisome,Collagens,COL14A1
Core matrisome,Collagens,COL15A1
Core matrisome,Collagens,COL16A1
Core matrisome,Collagens,COL17A1
Core matrisome,Collagens,COL18A1
Core matrisome,Collagens,COL19A1
Core matrisome,Collagens,COL1A1
Core matrisome,Collagens,COL1A2
Core matrisome,Collagens,COL20A1
Core matrisome,Collagens,COL21A1
Core matrisome,Collagens,COL22A1
Core matrisome,Collagens,COL23A1
Core matrisome,Collagens,COL24A1
Core matrisome,Collagens,COL25A1
Core matrisome,Collagens,COL26A1
Core matrisome,Collagens,COL27A1
Core matrisome,Collagens,COL28A1
Core matrisome,Collagens,COL2A1
Core matrisome,Collagens,COL3A1
Core matrisome,Collagens,COL4A1
Core matrisome,Collagens,COL4A2
Core matrisome,Collagens,COL4A3
Core matrisome,Collagens,COL4A4
Core matrisome,Collagens,COL4A5
Core matrisome,Collagens,COL4A6
Core matrisome,Collagens,COL5A1
Core matrisome,Collagens,COL5A2
Core matrisome,Collagens,COL5A3
Core matrisome,Collagens,COL6A1
Core matrisome,Collagens,COL6A2
Core matrisome,Collagens,COL6A3
Core matrisome,Collagens,COL6A5
Core matrisome,Collagens,COL6A6
Core matrisome,Collagens,COL7A1
Core matrisome,Collagens,COL8A1
Core matrisome,Collagens,COL8A2
Core matrisome,Collagens,COL9A1
Core matrisome,Collagens,COL9A2
Core matrisome,Collagens,COL9A3
Core matrisome,Collagens,COL6A4
Core matrisome,ECM glycoproteins,ABI3BP
Core matrisome,ECM glycoproteins,ADIPOQ
Core matrisome,ECM glycoproteins,AEBP1
Core matrisome,ECM glycoproteins,AGRN
Core matrisome,ECM glycoproteins,AMBN
Core matrisome,ECM glycoproteins,AMELX
Core matrisome,ECM glycoproteins,AMELY
Core matrisome,ECM glycoproteins,BGLAP
Core matrisome,ECM glycoproteins,BMPER
Core matrisome,ECM glycoproteins,BSPH1
Core matrisome,ECM glycoproteins,CDCP2
Core matrisome,ECM glycoproteins,CILP
Core matrisome,ECM glycoproteins,CILP2
Core matrisome,ECM glycoproteins,COCH
Core matrisome,ECM glycoproteins,COLQ
Core matrisome,ECM glycoproteins,COMP
Core matrisome,ECM glycoproteins,CRELD1
Core matrisome,ECM glycoproteins,CRELD2
Core matrisome,ECM glycoproteins,CRIM1
Core matrisome,ECM glycoproteins,CRISPLD1
Core matrisome,ECM glycoproteins,CRISPLD2
Core matrisome,ECM glycoproteins,CTGF
Core matrisome,ECM glycoproteins,CTHRC1
Core matrisome,ECM glycoproteins,CYR61
Core matrisome,ECM glycoproteins,DDX26B
Core matrisome,ECM glycoproteins,DMBT1
Core matrisome,ECM glycoproteins,DMP1
Core matrisome,ECM glycoproteins,DPT
Core matrisome,ECM glycoproteins,DSPP
Core matrisome,ECM glycoproteins,ECM1
Core matrisome,ECM glycoproteins,ECM2
Core matrisome,ECM glycoproteins,EDIL3
Core matrisome,ECM glycoproteins,EFEMP1
Core matrisome,ECM glycoproteins,EFEMP2
Core matrisome,ECM glycoproteins,EGFLAM
Core matrisome,ECM glycoproteins,ELN
Core matrisome,ECM glycoproteins,ELSPBP1
Core matrisome,ECM glycoproteins,EMID1
Core matrisome,ECM glycoproteins,EMILIN1
Core matrisome,ECM glycoproteins,EMILIN2
Core matrisome,ECM glycoproteins,EMILIN3
Core matrisome,ECM glycoproteins,EYS
Core matrisome,ECM glycoproteins,FBLN1
Core matrisome,ECM glycoproteins,FBLN2
Core matrisome,ECM glycoproteins,FBLN5
Core matrisome,ECM glycoproteins,FBLN7
Core matrisome,ECM glycoproteins,FBN1
Core matrisome,ECM glycoproteins,FBN2
Core matrisome,ECM glycoproteins,FBN3
Core matrisome,ECM glycoproteins,FGA
Core matrisome,ECM glycoproteins,FGB
Core matrisome,ECM glycoproteins,FGG
Core matrisome,ECM glycoproteins,FGL1
Core matrisome,ECM glycoproteins,FGL2
Core matrisome,ECM glycoproteins,FN1
Core matrisome,ECM glycoproteins,FNDC1
Core matrisome,ECM glycoproteins,FNDC7
Core matrisome,ECM glycoproteins,FNDC8
Core matrisome,ECM glycoproteins,FRAS1
Core matrisome,ECM glycoproteins,GAS6
Core matrisome,ECM glycoproteins,GLDN
Core matrisome,ECM glycoproteins,HMCN1
Core matrisome,ECM glycoproteins,HMCN2
Core matrisome,ECM glycoproteins,IBSP
Core matrisome,ECM glycoproteins,IGFALS
Core matrisome,ECM glycoproteins,IGFBP1
Core matrisome,ECM glycoproteins,IGFBP2
Core matrisome,ECM glycoproteins,IGFBP3
Core matrisome,ECM glycoproteins,IGFBP4
Core matrisome,ECM glycoproteins,IGFBP5
Core matrisome,ECM glycoproteins,IGFBP6
Core matrisome,ECM glycoproteins,IGFBP7
Core matrisome,ECM glycoproteins,IGFBPL1
Core matrisome,ECM glycoproteins,IGSF10
Core matrisome,ECM glycoproteins,KAL1
Core matrisome,ECM glycoproteins,KCP
Core matrisome,ECM glycoproteins,LAMA1
Core matrisome,ECM glycoproteins,LAMA2
Core matrisome,ECM glycoproteins,LAMA3
Core matrisome,ECM glycoproteins,LAMA4
Core matrisome,ECM glycoproteins,LAMA5
Core matrisome,ECM glycoproteins,LAMB1
Core matrisome,ECM glycoproteins,LAMB2
Core matrisome,ECM glycoproteins,LAMB3
Core matrisome,ECM glycoproteins,LAMB4
Core matrisome,ECM glycoproteins,LAMC1
Core matrisome,ECM glycoproteins,LAMC2
Core matrisome,ECM glycoproteins,LAMC3
Core matrisome,ECM glycoproteins,LGI1
Core matrisome,ECM glycoproteins,LGI2
Core matrisome,ECM glycoproteins,LGI3
Core matrisome,ECM glycoproteins,LGI4
Core matrisome,ECM glycoproteins,LRG1
Core matrisome,ECM glycoproteins,LTBP1
Core matrisome,ECM glycoproteins,LTBP2
Core matrisome,ECM glycoproteins,LTBP3
Core matrisome,ECM glycoproteins,LTBP4
Core matrisome,ECM glycoproteins,MATN1
Core matrisome,ECM glycoproteins,MATN2
Core matrisome,ECM glycoproteins,MATN3
Core matrisome,ECM glycoproteins,MATN4
Core matrisome,ECM glycoproteins,MEPE
Core matrisome,ECM glycoproteins,MFAP1
Core matrisome,ECM glycoproteins,MFAP2
Core matrisome,ECM glycoproteins,MFAP3
Core matrisome,ECM glycoproteins,MFAP4
Core matrisome,ECM glycoproteins,MFAP5
Core matrisome,ECM glycoproteins,MFGE8
Core matrisome,ECM glycoproteins,MGP
Core matrisome,ECM glycoproteins,MMRN1
Core matrisome,ECM glycoproteins,MMRN2
Core matrisome,ECM glycoproteins,MXRA5
Core matrisome,ECM glycoproteins,NDNF
Core matrisome,ECM glycoproteins,NELL1
Core matrisome,ECM glycoproteins,NELL2
Core matrisome,ECM glycoproteins,NID1
Core matrisome,ECM glycoproteins,NID2
Core matrisome,ECM glycoproteins,NOV
Core matrisome,ECM glycoproteins,NPNT
Core matrisome,ECM glycoproteins,NTN1
Core matrisome,ECM glycoproteins,NTN3
Core matrisome,ECM glycoproteins,NTN4
Core matrisome,ECM glycoproteins,NTN5
Core matrisome,ECM glycoproteins,NTNG1
Core matrisome,ECM glycoproteins,NTNG2
Core matrisome,ECM glycoproteins,OIT3
Core matrisome,ECM glycoproteins,OTOG
Core matrisome,ECM glycoproteins,OTOL1
Core matrisome,ECM glycoproteins,PAPLN
Core matrisome,ECM glycoproteins,PCOLCE
Core matrisome,ECM glycoproteins,PCOLCE2
Core matrisome,ECM glycoproteins,POMZP3
Core matrisome,ECM glycoproteins,POSTN
Core matrisome,ECM glycoproteins,PXDN
Core matrisome,ECM glycoproteins,PXDNL
Core matrisome,ECM glycoproteins,RELN
Core matrisome,ECM glycoproteins,RSPO1
Core matrisome,ECM glycoproteins,RSPO2
Core matrisome,ECM glycoproteins,RSPO3
Core matrisome,ECM glycoproteins,RSPO4
Core matrisome,ECM glycoproteins,SBSPON
Core matrisome,ECM glycoproteins,SLIT1
Core matrisome,ECM glycoproteins,SLIT2
Core matrisome,ECM glycoproteins,SLIT3
Core matrisome,ECM glycoproteins,SMOC1
Core matrisome,ECM glycoproteins,SMOC2
Core matrisome,ECM glycoproteins,SNED1
Core matrisome,ECM glycoproteins,SPARC
Core matrisome,ECM glycoproteins,SPARCL1
Core matrisome,ECM glycoproteins,SPON1
Core matrisome,ECM glycoproteins,SPON2
Core matrisome,ECM glycoproteins,SPP1
Core matrisome,ECM glycoproteins,SRPX
Core matrisome,ECM glycoproteins,SRPX2
Core matrisome,ECM glycoproteins,SSPO
Core matrisome,ECM glycoproteins,SVEP1
Core matrisome,ECM glycoproteins,TECTA
Core matrisome,ECM glycoproteins,TECTB
Core matrisome,ECM glycoproteins,TGFBI
Core matrisome,ECM glycoproteins,THBS1
Core matrisome,ECM glycoproteins,THBS2
Core matrisome,ECM glycoproteins,THBS3
Core matrisome,ECM glycoproteins,THBS4
Core matrisome,ECM glycoproteins,THSD4
Core matrisome,ECM glycoproteins,TINAG
Core matrisome,ECM glycoproteins,TINAGL1
Core matrisome,ECM glycoproteins,TNC
Core matrisome,ECM glycoproteins,TNFAIP6
Core matrisome,ECM glycoproteins,TNN
Core matrisome,ECM glycoproteins,TNR
Core matrisome,ECM glycoproteins,TNXB
Core matrisome,ECM glycoproteins,TSKU
Core matrisome,ECM glycoproteins,TSPEAR
Core matrisome,ECM glycoproteins,VIT
Core matrisome,ECM glycoproteins,VTN
Core matrisome,ECM glycoproteins,VWA1
Core matrisome,ECM glycoproteins,VWA2
Core matrisome,ECM glycoproteins,VWA3A
Core matrisome,ECM glycoproteins,VWA3B
Core matrisome,ECM glycoproteins,VWA5A
Core matrisome,ECM glycoproteins,VWA5B1
Core matrisome,ECM glycoproteins,VWA5B2
Core matrisome,ECM glycoproteins,VWA7
Core matrisome,ECM glycoproteins,VWA9
Core matrisome,ECM glycoproteins,VWCE
Core matrisome,ECM glycoproteins,VWDE
Core matrisome,ECM glycoproteins,VWF
Core matrisome,ECM glycoproteins,WISP1
Core matrisome,ECM glycoproteins,WISP2
Core matrisome,ECM glycoproteins,WISP3
Core matrisome,ECM glycoproteins,ZP1
Core matrisome,ECM glycoproteins,ZP2
Core matrisome,ECM glycoproteins,ZP3
Core matrisome,ECM glycoproteins,ZP4
Core matrisome,ECM glycoproteins,ZPLD1
Core matrisome,ECM glycoproteins,5430419D17RIK
Core matrisome,ECM glycoproteins,AW551984
Core matrisome,ECM glycoproteins,BGLAP2
Core matrisome,ECM glycoproteins,BGLAP3
Core matrisome,ECM glycoproteins,BSPH2
Core matrisome,ECM glycoproteins,EGFEM1
Core matrisome,ECM glycoproteins,MFAP1A
Core matrisome,ECM glycoproteins,MFAP1B
Core matrisome,ECM glycoproteins,OTOGL
Core matrisome,ECM glycoproteins,SLAMF6
Core matrisome,ECM glycoproteins,ZP3R
Core matrisome,Proteoglycans,ACAN
Core matrisome,Proteoglycans,ASPN
Core matrisome,Proteoglycans,BCAN
Core matrisome,Proteoglycans,BGN
Core matrisome,Proteoglycans,CHAD
Core matrisome,Proteoglycans,CHADL
Core matrisome,Proteoglycans,DCN
Core matrisome,Proteoglycans,EPYC
Core matrisome,Proteoglycans,ESM1
Core matrisome,Proteoglycans,FMOD
Core matrisome,Proteoglycans,HAPLN1
Core matrisome,Proteoglycans,HAPLN2
Core matrisome,Proteoglycans,HAPLN3
Core matrisome,Proteoglycans,HAPLN4
Core matrisome,Proteoglycans,HSPG2
Core matrisome,Proteoglycans,IMPG1
Core matrisome,Proteoglycans,IMPG2
Core matrisome,Proteoglycans,KERA
Core matrisome,Proteoglycans,LUM
Core matrisome,Proteoglycans,NCAN
Core matrisome,Proteoglycans,NYX
Core matrisome,Proteoglycans,OGN
Core matrisome,Proteoglycans,OMD
Core matrisome,Proteoglycans,OPTC
Core matrisome,Proteoglycans,PODN
Core matrisome,Proteoglycans,PODNL1
Core matrisome,Proteoglycans,PRELP
Core matrisome,Proteoglycans,PRG2
Core matrisome,Proteoglycans,PRG3
Core matrisome,Proteoglycans,PRG4
Core matrisome,Proteoglycans,SPOCK1
Core matrisome,Proteoglycans,SPOCK2
Core matrisome,Proteoglycans,SPOCK3
Core matrisome,Proteoglycans,SRGN
Core matrisome,Proteoglycans,VCAN
Core matrisome,Proteoglycans,NEPN
Matrisome-associated,ECM regulators,A2M
Matrisome-associated,ECM regulators,A2ML1
Matrisome-associated,ECM regulators,ADAM10
Matrisome-associated,ECM regulators,ADAM11
Matrisome-associated,ECM regulators,ADAM12
Matrisome-associated,ECM regulators,ADAM15
Matrisome-associated,ECM regulators,ADAM17
Matrisome-associated,ECM regulators,ADAM18
Matrisome-associated,ECM regulators,ADAM19
Matrisome-associated,ECM regulators,ADAM2
Matrisome-associated,ECM regulators,ADAM20
Matrisome-associated,ECM regulators,ADAM21
Matrisome-associated,ECM regulators,ADAM22
Matrisome-associated,ECM regulators,ADAM23
Matrisome-associated,ECM regulators,ADAM28
Matrisome-associated,ECM regulators,ADAM29
Matrisome-associated,ECM regulators,ADAM30
Matrisome-associated,ECM regulators,ADAM32
Matrisome-associated,ECM regulators,ADAM33
Matrisome-associated,ECM regulators,ADAM7
Matrisome-associated,ECM regulators,ADAM8
Matrisome-associated,ECM regulators,ADAM9
Matrisome-associated,ECM regulators,ADAMDEC1
Matrisome-associated,ECM regulators,ADAMTS1
Matrisome-associated,ECM regulators,ADAMTS10
Matrisome-associated,ECM regulators,ADAMTS12
Matrisome-associated,ECM regulators,ADAMTS13
Matrisome-associated,ECM regulators,ADAMTS14
Matrisome-associated,ECM regulators,ADAMTS15
Matrisome-associated,ECM regulators,ADAMTS16
Matrisome-associated,ECM regulators,ADAMTS17
Matrisome-associated,ECM regulators,ADAMTS18
Matrisome-associated,ECM regulators,ADAMTS19
Matrisome-associated,ECM regulators,ADAMTS2
Matrisome-associated,ECM regulators,ADAMTS20
Matrisome-associated,ECM regulators,ADAMTS3
Matrisome-associated,ECM regulators,ADAMTS4
Matrisome-associated,ECM regulators,ADAMTS5
Matrisome-associated,ECM regulators,ADAMTS6
Matrisome-associated,ECM regulators,ADAMTS7
Matrisome-associated,ECM regulators,ADAMTS8
Matrisome-associated,ECM regulators,ADAMTS9
Matrisome-associated,ECM regulators,ADAMTSL1
Matrisome-associated,ECM regulators,ADAMTSL2
Matrisome-associated,ECM regulators,ADAMTSL3
Matrisome-associated,ECM regulators,ADAMTSL4
Matrisome-associated,ECM regulators,ADAMTSL5
Matrisome-associated,ECM regulators,AGT
Matrisome-associated,ECM regulators,AMBP
Matrisome-associated,ECM regulators,ASTL
Matrisome-associated,ECM regulators,BMP1
Matrisome-associated,ECM regulators,C17orf58
Matrisome-associated,ECM regulators,CD109
Matrisome-associated,ECM regulators,CELA1
Matrisome-associated,ECM regulators,CELA2A
Matrisome-associated,ECM regulators,CELA2B
Matrisome-associated,ECM regulators,CELA3A
Matrisome-associated,ECM regulators,CELA3B
Matrisome-associated,ECM regulators,CPAMD8
Matrisome-associated,ECM regulators,CPN2
Matrisome-associated,ECM regulators,CST1
Matrisome-associated,ECM regulators,CST11
Matrisome-associated,ECM regulators,CST2
Matrisome-associated,ECM regulators,CST3
Matrisome-associated,ECM regulators,CST4
Matrisome-associated,ECM regulators,CST5
Matrisome-associated,ECM regulators,CST6
Matrisome-associated,ECM regulators,CST7
Matrisome-associated,ECM regulators,CST8
Matrisome-associated,ECM regulators,CST9
Matrisome-associated,ECM regulators,CST9L
Matrisome-associated,ECM regulators,CSTA
Matrisome-associated,ECM regulators,CSTB
Matrisome-associated,ECM regulators,CSTL1
Matrisome-associated,ECM regulators,CTSA
Matrisome-associated,ECM regulators,CTSB
Matrisome-associated,ECM regulators,CTSC
Matrisome-associated,ECM regulators,CTSD
Matrisome-associated,ECM regulators,CTSE
Matrisome-associated,ECM regulators,CTSF
Matrisome-associated,ECM regulators,CTSG
Matrisome-associated,ECM regulators,CTSH
Matrisome-associated,ECM regulators,CTSK
Matrisome-associated,ECM regulators,CTSL
Matrisome-associated,ECM regulators,CTSO
Matrisome-associated,ECM regulators,CTSS
Matrisome-associated,ECM regulators,CTSV
Matrisome-associated,ECM regulators,CTSW
Matrisome-associated,ECM regulators,CTSZ
Matrisome-associated,ECM regulators,EGLN1
Matrisome-associated,ECM regulators,EGLN2
Matrisome-associated,ECM regulators,EGLN3
Matrisome-associated,ECM regulators,ELANE
Matrisome-associated,ECM regulators,F10
Matrisome-associated,ECM regulators,F12
Matrisome-associated,ECM regulators,F13A1
Matrisome-associated,ECM regulators,F13B
Matrisome-associated,ECM regulators,F2
Matrisome-associated,ECM regulators,F7
Matrisome-associated,ECM regulators,F9
Matrisome-associated,ECM regulators,FAM20A
Matrisome-associated,ECM regulators,FAM20B
Matrisome-associated,ECM regulators,FAM20C
Matrisome-associated,ECM regulators,HABP2
Matrisome-associated,ECM regulators,HMSD
Matrisome-associated,ECM regulators,HPSE
Matrisome-associated,ECM regulators,HPSE2
Matrisome-associated,ECM regulators,HRG
Matrisome-associated,ECM regulators,HTRA1
Matrisome-associated,ECM regulators,HTRA3
Matrisome-associated,ECM regulators,HTRA4
Matrisome-associated,ECM regulators,HYAL1
Matrisome-associated,ECM regulators,HYAL2
Matrisome-associated,ECM regulators,HYAL3
Matrisome-associated,ECM regulators,HYAL4
Matrisome-associated,ECM regulators,ITIH1
Matrisome-associated,ECM regulators,ITIH2
Matrisome-associated,ECM regulators,ITIH3
Matrisome-associated,ECM regulators,ITIH4
Matrisome-associated,ECM regulators,ITIH5
Matrisome-associated,ECM regulators,ITIH6
Matrisome-associated,ECM regulators,KAZALD1
Matrisome-associated,ECM regulators,KNG1
Matrisome-associated,ECM regulators,KY
Matrisome-associated,ECM regulators,LEPRE1
Matrisome-associated,ECM regulators,LEPREL1
Matrisome-associated,ECM regulators,LEPREL2
Matrisome-associated,ECM regulators,LOX
Matrisome-associated,ECM regulators,LOXL1
Matrisome-associated,ECM regulators,LOXL2
Matrisome-associated,ECM regulators,LOXL3
Matrisome-associated,ECM regulators,LOXL4
Matrisome-associated,ECM regulators,LPA
Matrisome-associated,ECM regulators,MASP1
Matrisome-associated,ECM regulators,MASP2
Matrisome-associated,ECM regulators,MEP1A
Matrisome-associated,ECM regulators,MEP1B
Matrisome-associated,ECM regulators,MMP1
Matrisome-associated,ECM regulators,MMP10
Matrisome-associated,ECM regulators,MMP11
Matrisome-associated,ECM regulators,MMP12
Matrisome-associated,ECM regulators,MMP13
Matrisome-associated,ECM regulators,MMP14
Matrisome-associated,ECM regulators,MMP15
Matrisome-associated,ECM regulators,MMP16
Matrisome-associated,ECM regulators,MMP17
Matrisome-associated,ECM regulators,MMP19
Matrisome-associated,ECM regulators,MMP2
Matrisome-associated,ECM regulators,MMP20
Matrisome-associated,ECM regulators,MMP21
Matrisome-associated,ECM regulators,MMP23B
Matrisome-associated,ECM regulators,MMP24
Matrisome-associated,ECM regulators,MMP25
Matrisome-associated,ECM regulators,MMP26
Matrisome-associated,ECM regulators,MMP27
Matrisome-associated,ECM regulators,MMP28
Matrisome-associated,ECM regulators,MMP3
Matrisome-associated,ECM regulators,MMP7
Matrisome-associated,ECM regulators,MMP8
Matrisome-associated,ECM regulators,MMP9
Matrisome-associated,ECM regulators,NGLY1
Matrisome-associated,ECM regulators,OGFOD1
Matrisome-associated,ECM regulators,OGFOD2
Matrisome-associated,ECM regulators,P4HA1
Matrisome-associated,ECM regulators,P4HA2
Matrisome-associated,ECM regulators,P4HA3
Matrisome-associated,ECM regulators,P4HTM
Matrisome-associated,ECM regulators,PAMR1
Matrisome-associated,ECM regulators,PAPPA
Matrisome-associated,ECM regulators,PAPPA2
Matrisome-associated,ECM regulators,PCSK5
Matrisome-associated,ECM regulators,PCSK6
Matrisome-associated,ECM regulators,PI3
Matrisome-associated,ECM regulators,PLAT
Matrisome-associated,ECM regulators,PLAU
Matrisome-associated,ECM regulators,PLG
Matrisome-associated,ECM regulators,PLOD1
Matrisome-associated,ECM regulators,PLOD2
Matrisome-associated,ECM regulators,PLOD3
Matrisome-associated,ECM regulators,PRSS1
Matrisome-associated,ECM regulators,PRSS12
Matrisome-associated,ECM regulators,PRSS2
Matrisome-associated,ECM regulators,PRSS3
Matrisome-associated,ECM regulators,PZP
Matrisome-associated,ECM regulators,SERPINA1
Matrisome-associated,ECM regulators,SERPINA10
Matrisome-associated,ECM regulators,SERPINA11
Matrisome-associated,ECM regulators,SERPINA12
Matrisome-associated,ECM regulators,SERPINA2
Matrisome-associated,ECM regulators,SERPINA3
Matrisome-associated,ECM regulators,SERPINA4
Matrisome-associated,ECM regulators,SERPINA5
Matrisome-associated,ECM regulators,SERPINA6
Matrisome-associated,ECM regulators,SERPINA7
Matrisome-associated,ECM regulators,SERPINA9
Matrisome-associated,ECM regulators,SERPINB1
Matrisome-associated,ECM regulators,SERPINB10
Matrisome-associated,ECM regulators,SERPINB11
Matrisome-associated,ECM regulators,SERPINB12
Matrisome-associated,ECM regulators,SERPINB13
Matrisome-associated,ECM regulators,SERPINB2
Matrisome-associated,ECM regulators,SERPINB3
Matrisome-associated,ECM regulators,SERPINB4
Matrisome-associated,ECM regulators,SERPINB5
Matrisome-associated,ECM regulators,SERPINB6
Matrisome-associated,ECM regulators,SERPINB7
Matrisome-associated,ECM regulators,SERPINB8
Matrisome-associated,ECM regulators,SERPINB9
Matrisome-associated,ECM regulators,SERPINC1
Matrisome-associated,ECM regulators,SERPIND1
Matrisome-associated,ECM regulators,SERPINE1
Matrisome-associated,ECM regulators,SERPINE2
Matrisome-associated,ECM regulators,SERPINE3
Matrisome-associated,ECM regulators,SERPINF1
Matrisome-associated,ECM regulators,SERPINF2
Matrisome-associated,ECM regulators,SERPING1
Matrisome-associated,ECM regulators,SERPINH1
Matrisome-associated,ECM regulators,SERPINI1
Matrisome-associated,ECM regulators,SERPINI2
Matrisome-associated,ECM regulators,SLPI
Matrisome-associated,ECM regulators,SPAM1
Matrisome-associated,ECM regulators,ST14
Matrisome-associated,ECM regulators,SULF1
Matrisome-associated,ECM regulators,SULF2
Matrisome-associated,ECM regulators,TGM1
Matrisome-associated,ECM regulators,TGM2
Matrisome-associated,ECM regulators,TGM3
Matrisome-associated,ECM regulators,TGM4
Matrisome-associated,ECM regulators,TGM5
Matrisome-associated,ECM regulators,TGM6
Matrisome-associated,ECM regulators,TGM7
Matrisome-associated,ECM regulators,TIMP1
Matrisome-associated,ECM regulators,TIMP2
Matrisome-associated,ECM regulators,TIMP3
Matrisome-associated,ECM regulators,TIMP4
Matrisome-associated,ECM regulators,TLL1
Matrisome-associated,ECM regulators,TLL2
Matrisome-associated,ECM regulators,TMPRSS15
Matrisome-associated,ECM regulators,1810010H24RIK
Matrisome-associated,ECM regulators,2010005H15RIK
Matrisome-associated,ECM regulators,8030411F24RIK
Matrisome-associated,ECM regulators,9230104L09RIK
Matrisome-associated,ECM regulators,ADAM1A
Matrisome-associated,ECM regulators,ADAM1B
Matrisome-associated,ECM regulators,ADAM24
Matrisome-associated,ECM regulators,ADAM25
Matrisome-associated,ECM regulators,ADAM26A
Matrisome-associated,ECM regulators,ADAM26B
Matrisome-associated,ECM regulators,ADAM3
Matrisome-associated,ECM regulators,ADAM34
Matrisome-associated,ECM regulators,ADAM39
Matrisome-associated,ECM regulators,ADAM4
Matrisome-associated,ECM regulators,ADAM5
Matrisome-associated,ECM regulators,ADAM6A
Matrisome-associated,ECM regulators,ADAM6B
Matrisome-associated,ECM regulators,AI182371
Matrisome-associated,ECM regulators,BC048546
Matrisome-associated,ECM regulators,BC051665
Matrisome-associated,ECM regulators,BC100530
Matrisome-associated,ECM regulators,BC117090
Matrisome-associated,ECM regulators,CST10
Matrisome-associated,ECM regulators,CST12
Matrisome-associated,ECM regulators,CST13
Matrisome-associated,ECM regulators,CSTA1
Matrisome-associated,ECM regulators,CTS3
Matrisome-associated,ECM regulators,CTS6
Matrisome-associated,ECM regulators,CTS7
Matrisome-associated,ECM regulators,CTS8
Matrisome-associated,ECM regulators,CTSJ
Matrisome-associated,ECM regulators,CTSLL3
Matrisome-associated,ECM regulators,CTSM
Matrisome-associated,ECM regulators,CTSQ
Matrisome-associated,ECM regulators,CTSR
Matrisome-associated,ECM regulators,GM10334
Matrisome-associated,ECM regulators,GM13011
Matrisome-associated,ECM regulators,GM4758
Matrisome-associated,ECM regulators,GM4787
Matrisome-associated,ECM regulators,GM5347
Matrisome-associated,ECM regulators,GM5409
Matrisome-associated,ECM regulators,GM5416
Matrisome-associated,ECM regulators,GM5483
Matrisome-associated,ECM regulators,GM5771
Matrisome-associated,ECM regulators,HYAL5
Matrisome-associated,ECM regulators,HYAL6
Matrisome-associated,ECM regulators,KNG2
Matrisome-associated,ECM regulators,MMP1A
Matrisome-associated,ECM regulators,MMP1B
Matrisome-associated,ECM regulators,MMP23
Matrisome-associated,ECM regulators,MUG2
Matrisome-associated,ECM regulators,SERPINA1A
Matrisome-associated,ECM regulators,SERPINA1B
Matrisome-associated,ECM regulators,SERPINA1C
Matrisome-associated,ECM regulators,SERPINA1D
Matrisome-associated,ECM regulators,SERPINA1E
Matrisome-associated,ECM regulators,SERPINA1F
Matrisome-associated,ECM regulators,SERPINA3A
Matrisome-associated,ECM regulators,SERPINA3B
Matrisome-associated,ECM regulators,SERPINA3C
Matrisome-associated,ECM regulators,SERPINA3F
Matrisome-associated,ECM regulators,SERPINA3G
Matrisome-associated,ECM regulators,SERPINA3K
Matrisome-associated,ECM regulators,SERPINA3M
Matrisome-associated,ECM regulators,SERPINA3N
Matrisome-associated,ECM regulators,SERPINB1A
Matrisome-associated,ECM regulators,SERPINB1B
Matrisome-associated,ECM regulators,SERPINB1C
Matrisome-associated,ECM regulators,SERPINB3A
Matrisome-associated,ECM regulators,SERPINB3B
Matrisome-associated,ECM regulators,SERPINB3C
Matrisome-associated,ECM regulators,SERPINB3D
Matrisome-associated,ECM regulators,SERPINB6A
Matrisome-associated,ECM regulators,SERPINB6B
Matrisome-associated,ECM regulators,SERPINB6C
Matrisome-associated,ECM regulators,SERPINB6D
Matrisome-associated,ECM regulators,SERPINB9B
Matrisome-associated,ECM regulators,SERPINB9C
Matrisome-associated,ECM regulators,SERPINB9D
Matrisome-associated,ECM regulators,SERPINB9E
Matrisome-associated,ECM regulators,SERPINB9F
Matrisome-associated,ECM regulators,SERPINB9G
Matrisome-associated,ECM regulators,SPINKL
Matrisome-associated,ECM regulators,STFA1
Matrisome-associated,ECM regulators,STFA2
Matrisome-associated,ECM regulators,STFA2L1
Matrisome-associated,ECM regulators,STFA3
Matrisome-associated,ECM regulators,TPBPA
Matrisome-associated,ECM regulators,TPBPB
Matrisome-associated,ECM regulators,TRY10
Matrisome-associated,ECM regulators,TRY4
Matrisome-associated,ECM regulators,TRY5
Matrisome-associated,ECM regulators,U06147
Matrisome-associated,ECM-affiliated proteins,ANXA1
Matrisome-associated,ECM-affiliated proteins,ANXA10
Matrisome-associated,ECM-affiliated proteins,ANXA11
Matrisome-associated,ECM-affiliated proteins,ANXA13
Matrisome-associated,ECM-affiliated proteins,ANXA2
Matrisome-associated,ECM-affiliated proteins,ANXA3
Matrisome-associated,ECM-affiliated proteins,ANXA4
Matrisome-associated,ECM-affiliated proteins,ANXA5
Matrisome-associated,ECM-affiliated proteins,ANXA6
Matrisome-associated,ECM-affiliated proteins,ANXA7
Matrisome-associated,ECM-affiliated proteins,ANXA8
Matrisome-associated,ECM-affiliated proteins,ANXA8L1
Matrisome-associated,ECM-affiliated proteins,ANXA9
Matrisome-associated,ECM-affiliated proteins,C1QA
Matrisome-associated,ECM-affiliated proteins,C1QB
Matrisome-associated,ECM-affiliated proteins,C1QC
Matrisome-associated,ECM-affiliated proteins,C1QL1
Matrisome-associated,ECM-affiliated proteins,C1QL2
Matrisome-associated,ECM-affiliated proteins,C1QL3
Matrisome-associated,ECM-affiliated proteins,C1QL4
Matrisome-associated,ECM-affiliated proteins,C1QTNF1
Matrisome-associated,ECM-affiliated proteins,C1QTNF2
Matrisome-associated,ECM-affiliated proteins,C1QTNF3
Matrisome-associated,ECM-affiliated proteins,C1QTNF4
Matrisome-associated,ECM-affiliated proteins,C1QTNF5
Matrisome-associated,ECM-affiliated proteins,C1QTNF6
Matrisome-associated,ECM-affiliated proteins,C1QTNF7
Matrisome-associated,ECM-affiliated proteins,C1QTNF8
Matrisome-associated,ECM-affiliated proteins,C1QTNF9
Matrisome-associated,ECM-affiliated proteins,CD209
Matrisome-associated,ECM-affiliated proteins,CLC
Matrisome-associated,ECM-affiliated proteins,CLEC10A
Matrisome-associated,ECM-affiliated proteins,CLEC11A
Matrisome-associated,ECM-affiliated proteins,CLEC12A
Matrisome-associated,ECM-affiliated proteins,CLEC12B
Matrisome-associated,ECM-affiliated proteins,CLEC14A
Matrisome-associated,ECM-affiliated proteins,CLEC17A
Matrisome-associated,ECM-affiliated proteins,CLEC18A
Matrisome-associated,ECM-affiliated proteins,CLEC18B
Matrisome-associated,ECM-affiliated proteins,CLEC18C
Matrisome-associated,ECM-affiliated proteins,CLEC19A
Matrisome-associated,ECM-affiliated proteins,CLEC1A
Matrisome-associated,ECM-affiliated proteins,CLEC1B
Matrisome-associated,ECM-affiliated proteins,CLEC2A
Matrisome-associated,ECM-affiliated proteins,CLEC2B
Matrisome-associated,ECM-affiliated proteins,CLEC2D
Matrisome-associated,ECM-affiliated proteins,CLEC2L
Matrisome-associated,ECM-affiliated proteins,CLEC3A
Matrisome-associated,ECM-affiliated proteins,CLEC3B
Matrisome-associated,ECM-affiliated proteins,CLEC4A
Matrisome-associated,ECM-affiliated proteins,CLEC4C
Matrisome-associated,ECM-affiliated proteins,CLEC4D
Matrisome-associated,ECM-affiliated proteins,CLEC4E
Matrisome-associated,ECM-affiliated proteins,CLEC4F
Matrisome-associated,ECM-affiliated proteins,CLEC4G
Matrisome-associated,ECM-affiliated proteins,CLEC4M
Matrisome-associated,ECM-affiliated proteins,CLEC5A
Matrisome-associated,ECM-affiliated proteins,CLEC6A
Matrisome-associated,ECM-affiliated proteins,CLEC7A
Matrisome-associated,ECM-affiliated proteins,CLEC9A
Matrisome-associated,ECM-affiliated proteins,COLEC10
Matrisome-associated,ECM-affiliated proteins,COLEC11
Matrisome-associated,ECM-affiliated proteins,COLEC12
Matrisome-associated,ECM-affiliated proteins,CSPG4
Matrisome-associated,ECM-affiliated proteins,CSPG5
Matrisome-associated,ECM-affiliated proteins,ELFN1
Matrisome-associated,ECM-affiliated proteins,ELFN2
Matrisome-associated,ECM-affiliated proteins,EMCN
Matrisome-associated,ECM-affiliated proteins,FCN1
Matrisome-associated,ECM-affiliated proteins,FCN2
Matrisome-associated,ECM-affiliated proteins,FCN3
Matrisome-associated,ECM-affiliated proteins,FREM1
Matrisome-associated,ECM-affiliated proteins,FREM2
Matrisome-associated,ECM-affiliated proteins,FREM3
Matrisome-associated,ECM-affiliated proteins,GPC1
Matrisome-associated,ECM-affiliated proteins,GPC2
Matrisome-associated,ECM-affiliated proteins,GPC3
Matrisome-associated,ECM-affiliated proteins,GPC4
Matrisome-associated,ECM-affiliated proteins,GPC5
Matrisome-associated,ECM-affiliated proteins,GPC6
Matrisome-associated,ECM-affiliated proteins,GREM1
Matrisome-associated,ECM-affiliated proteins,GRIFIN
Matrisome-associated,ECM-affiliated proteins,HPX
Matrisome-associated,ECM-affiliated proteins,HSPC159
Matrisome-associated,ECM-affiliated proteins,ITLN1
Matrisome-associated,ECM-affiliated proteins,ITLN2
Matrisome-associated,ECM-affiliated proteins,LGALS1
Matrisome-associated,ECM-affiliated proteins,LGALS12
Matrisome-associated,ECM-affiliated proteins,LGALS13
Matrisome-associated,ECM-affiliated proteins,LGALS14
Matrisome-associated,ECM-affiliated proteins,LGALS16
Matrisome-associated,ECM-affiliated proteins,LGALS2
Matrisome-associated,ECM-affiliated proteins,LGALS3
Matrisome-associated,ECM-affiliated proteins,LGALS4
Matrisome-associated,ECM-affiliated proteins,LGALS7
Matrisome-associated,ECM-affiliated proteins,LGALS8
Matrisome-associated,ECM-affiliated proteins,LGALS9
Matrisome-associated,ECM-affiliated proteins,LGALS9B
Matrisome-associated,ECM-affiliated proteins,LGALS9C
Matrisome-associated,ECM-affiliated proteins,LMAN1
Matrisome-associated,ECM-affiliated proteins,LMAN1L
Matrisome-associated,ECM-affiliated proteins,MBL2
Matrisome-associated,ECM-affiliated proteins,MUC1
Matrisome-associated,ECM-affiliated proteins,MUC12
Matrisome-associated,ECM-affiliated proteins,MUC13
Matrisome-associated,ECM-affiliated proteins,MUC15
Matrisome-associated,ECM-affiliated proteins,MUC16
Matrisome-associated,ECM-affiliated proteins,MUC17
Matrisome-associated,ECM-affiliated proteins,MUC19
Matrisome-associated,ECM-affiliated proteins,MUC2
Matrisome-associated,ECM-affiliated proteins,MUC20
Matrisome-associated,ECM-affiliated proteins,MUC21
Matrisome-associated,ECM-affiliated proteins,MUC22
Matrisome-associated,ECM-affiliated proteins,MUC3A
Matrisome-associated,ECM-affiliated proteins,MUC4
Matrisome-associated,ECM-affiliated proteins,MUC5AC
Matrisome-associated,ECM-affiliated proteins,MUC5B
Matrisome-associated,ECM-affiliated proteins,MUC6
Matrisome-associated,ECM-affiliated proteins,MUC7
Matrisome-associated,ECM-affiliated proteins,MUC8
Matrisome-associated,ECM-affiliated proteins,MUCL1
Matrisome-associated,ECM-affiliated proteins,OVGP1
Matrisome-associated,ECM-affiliated proteins,PARM1
Matrisome-associated,ECM-affiliated proteins,PLXDC1
Matrisome-associated,ECM-affiliated proteins,PLXDC2
Matrisome-associated,ECM-affiliated proteins,PLXNA1
Matrisome-associated,ECM-affiliated proteins,PLXNA2
Matrisome-associated,ECM-affiliated proteins,PLXNA3
Matrisome-associated,ECM-affiliated proteins,PLXNA4
Matrisome-associated,ECM-affiliated proteins,PLXNB1
Matrisome-associated,ECM-affiliated proteins,PLXNB2
Matrisome-associated,ECM-affiliated proteins,PLXNB3
Matrisome-associated,ECM-affiliated proteins,PLXNC1
Matrisome-associated,ECM-affiliated proteins,PLXND1
Matrisome-associated,ECM-affiliated proteins,PROL1
Matrisome-associated,ECM-affiliated proteins,REG1A
Matrisome-associated,ECM-affiliated proteins,REG1B
Matrisome-associated,ECM-affiliated proteins,REG3A
Matrisome-associated,ECM-affiliated proteins,REG3G
Matrisome-associated,ECM-affiliated proteins,REG4
Matrisome-associated,ECM-affiliated proteins,SDC1
Matrisome-associated,ECM-affiliated proteins,SDC2
Matrisome-associated,ECM-affiliated proteins,SDC3
Matrisome-associated,ECM-affiliated proteins,SDC4
Matrisome-associated,ECM-affiliated proteins,SEMA3A
Matrisome-associated,ECM-affiliated proteins,SEMA3B
Matrisome-associated,ECM-affiliated proteins,SEMA3C
Matrisome-associated,ECM-affiliated proteins,SEMA3D
Matrisome-associated,ECM-affiliated proteins,SEMA3E
Matrisome-associated,ECM-affiliated proteins,SEMA3F
Matrisome-associated,ECM-affiliated proteins,SEMA3G
Matrisome-associated,ECM-affiliated proteins,SEMA4A
Matrisome-associated,ECM-affiliated proteins,SEMA4B
Matrisome-associated,ECM-affiliated proteins,SEMA4C
Matrisome-associated,ECM-affiliated proteins,SEMA4D
Matrisome-associated,ECM-affiliated proteins,SEMA4F
Matrisome-associated,ECM-affiliated proteins,SEMA4G
Matrisome-associated,ECM-affiliated proteins,SEMA5A
Matrisome-associated,ECM-affiliated proteins,SEMA5B
Matrisome-associated,ECM-affiliated proteins,SEMA6A
Matrisome-associated,ECM-affiliated proteins,SEMA6B
Matrisome-associated,ECM-affiliated proteins,SEMA6C
Matrisome-associated,ECM-affiliated proteins,SEMA6D
Matrisome-associated,ECM-affiliated proteins,SEMA7A
Matrisome-associated,ECM-affiliated proteins,SFTA2
Matrisome-associated,ECM-affiliated proteins,SFTA3
Matrisome-associated,ECM-affiliated proteins,SFTPA1
Matrisome-associated,ECM-affiliated proteins,SFTPA2
Matrisome-associated,ECM-affiliated proteins,SFTPB
Matrisome-associated,ECM-affiliated proteins,SFTPC
Matrisome-associated,ECM-affiliated proteins,SFTPD
Matrisome-associated,ECM-affiliated proteins,CD209A
Matrisome-associated,ECM-affiliated proteins,CD209B
Matrisome-associated,ECM-affiliated proteins,CD209D
Matrisome-associated,ECM-affiliated proteins,CLEC2E
Matrisome-associated,ECM-affiliated proteins,CLEC2G
Matrisome-associated,ECM-affiliated proteins,CLEC2H
Matrisome-associated,ECM-affiliated proteins,CLEC2I
Matrisome-associated,ECM-affiliated proteins,CLEC2J
Matrisome-associated,ECM-affiliated proteins,CLEC4A1
Matrisome-associated,ECM-affiliated proteins,CLEC4A2
Matrisome-associated,ECM-affiliated proteins,CLEC4A3
Matrisome-associated,ECM-affiliated proteins,CLEC4A4
Matrisome-associated,ECM-affiliated proteins,CLEC4B1
Matrisome-associated,ECM-affiliated proteins,CLEC4B2
Matrisome-associated,ECM-affiliated proteins,CLEC4N
Matrisome-associated,ECM-affiliated proteins,FCNA
Matrisome-associated,ECM-affiliated proteins,FCNB
Matrisome-associated,ECM-affiliated proteins,GM7534
Matrisome-associated,ECM-affiliated proteins,GM9573
Matrisome-associated,ECM-affiliated proteins,ITLNB
Matrisome-associated,ECM-affiliated proteins,LGALS6
Matrisome-associated,ECM-affiliated proteins,LGALSL
Matrisome-associated,ECM-affiliated proteins,MBL1
Matrisome-associated,ECM-affiliated proteins,MUC3
Matrisome-associated,ECM-affiliated proteins,REG1
Matrisome-associated,ECM-affiliated proteins,REG2
Matrisome-associated,ECM-affiliated proteins,REG3B
Matrisome-associated,ECM-affiliated proteins,REG3D
Matrisome-associated,Secreted factors,AMH
Matrisome-associated,Secreted factors,ANGPT1
Matrisome-associated,Secreted factors,ANGPT2
Matrisome-associated,Secreted factors,ANGPT4
Matrisome-associated,Secreted factors,ANGPTL1
Matrisome-associated,Secreted factors,ANGPTL2
Matrisome-associated,Secreted factors,ANGPTL3
Matrisome-associated,Secreted factors,ANGPTL4
Matrisome-associated,Secreted factors,ANGPTL5
Matrisome-associated,Secreted factors,ANGPTL6
Matrisome-associated,Secreted factors,ANGPTL7
Matrisome-associated,Secreted factors,AREG
Matrisome-associated,Secreted factors,ARTN
Matrisome-associated,Secreted factors,BDNF
Matrisome-associated,Secreted factors,BMP10
Matrisome-associated,Secreted factors,BMP15
Matrisome-associated,Secreted factors,BMP2
Matrisome-associated,Secreted factors,BMP3
Matrisome-associated,Secreted factors,BMP4
Matrisome-associated,Secreted factors,BMP5
Matrisome-associated,Secreted factors,BMP6
Matrisome-associated,Secreted factors,BMP7
Matrisome-associated,Secreted factors,BMP8A
Matrisome-associated,Secreted factors,BMP8B
Matrisome-associated,Secreted factors,BRINP2
Matrisome-associated,Secreted factors,BRINP3
Matrisome-associated,Secreted factors,BTC
Matrisome-associated,Secreted factors,C1QTNF9B
Matrisome-associated,Secreted factors,CBLN1
Matrisome-associated,Secreted factors,CBLN2
Matrisome-associated,Secreted factors,CBLN3
Matrisome-associated,Secreted factors,CBLN4
Matrisome-associated,Secreted factors,CCBE1
Matrisome-associated,Secreted factors,CCL1
Matrisome-associated,Secreted factors,CCL11
Matrisome-associated,Secreted factors,CCL13
Matrisome-associated,Secreted factors,CCL14
Matrisome-associated,Secreted factors,CCL15
Matrisome-associated,Secreted factors,CCL16
Matrisome-associated,Secreted factors,CCL17
Matrisome-associated,Secreted factors,CCL18
Matrisome-associated,Secreted factors,CCL19
Matrisome-associated,Secreted factors,CCL2
Matrisome-associated,Secreted factors,CCL20
Matrisome-associated,Secreted factors,CCL21
Matrisome-associated,Secreted factors,CCL22
Matrisome-associated,Secreted factors,CCL23
Matrisome-associated,Secreted factors,CCL24
Matrisome-associated,Secreted factors,CCL25
Matrisome-associated,Secreted factors,CCL26
Matrisome-associated,Secreted factors,CCL27
Matrisome-associated,Secreted factors,CCL28
Matrisome-associated,Secreted factors,CCL3
Matrisome-associated,Secreted factors,CCL3L3
Matrisome-associated,Secreted factors,CCL4
Matrisome-associated,Secreted factors,CCL4L1
Matrisome-associated,Secreted factors,CCL4L2
Matrisome-associated,Secreted factors,CCL5
Matrisome-associated,Secreted factors,CCL7
Matrisome-associated,Secreted factors,CCL8
Matrisome-associated,Secreted factors,CFC1
Matrisome-associated,Secreted factors,CFC1B
Matrisome-associated,Secreted factors,CHRD
Matrisome-associated,Secreted factors,CHRDL1
Matrisome-associated,Secreted factors,CHRDL2
Matrisome-associated,Secreted factors,CLCF1
Matrisome-associated,Secreted factors,CNTF
Matrisome-associated,Secreted factors,CRHBP
Matrisome-associated,Secreted factors,CRLF1
Matrisome-associated,Secreted factors,CRLF3
Matrisome-associated,Secreted factors,CRNN
Matrisome-associated,Secreted factors,CSF1
Matrisome-associated,Secreted factors,CSF2
Matrisome-associated,Secreted factors,CSF3
Matrisome-associated,Secreted factors,CSH1
Matrisome-associated,Secreted factors,CSH2
Matrisome-associated,Secreted factors,CSHL1
Matrisome-associated,Secreted factors,CTF1
Matrisome-associated,Secreted factors,CX3CL1
Matrisome-associated,Secreted factors,CXCL1
Matrisome-associated,Secreted factors,CXCL10
Matrisome-associated,Secreted factors,CXCL11
Matrisome-associated,Secreted factors,CXCL12
Matrisome-associated,Secreted factors,CXCL13
Matrisome-associated,Secreted factors,CXCL14
Matrisome-associated,Secreted factors,CXCL2
Matrisome-associated,Secreted factors,CXCL3
Matrisome-associated,Secreted factors,CXCL5
Matrisome-associated,Secreted factors,CXCL6
Matrisome-associated,Secreted factors,CXCL8
Matrisome-associated,Secreted factors,CXCL9
Matrisome-associated,Secreted factors,DHH
Matrisome-associated,Secreted factors,EBI3
Matrisome-associated,Secreted factors,EDA
Matrisome-associated,Secreted factors,EGF
Matrisome-associated,Secreted factors,EGFL6
Matrisome-associated,Secreted factors,EGFL7
Matrisome-associated,Secreted factors,EGFL8
Matrisome-associated,Secreted factors,EPGN
Matrisome-associated,Secreted factors,EPO
Matrisome-associated,Secreted factors,EREG
Matrisome-associated,Secreted factors,FASLG
Matrisome-associated,Secreted factors,FGF1
Matrisome-associated,Secreted factors,FGF10
Matrisome-associated,Secreted factors,FGF11
Matrisome-associated,Secreted factors,FGF12
Matrisome-associated,Secreted factors,FGF13
Matrisome-associated,Secreted factors,FGF14
Matrisome-associated,Secreted factors,FGF16
Matrisome-associated,Secreted factors,FGF17
Matrisome-associated,Secreted factors,FGF18
Matrisome-associated,Secreted factors,FGF19
Matrisome-associated,Secreted factors,FGF2
Matrisome-associated,Secreted factors,FGF20
Matrisome-associated,Secreted factors,FGF21
Matrisome-associated,Secreted factors,FGF22
Matrisome-associated,Secreted factors,FGF23
Matrisome-associated,Secreted factors,FGF3
Matrisome-associated,Secreted factors,FGF4
Matrisome-associated,Secreted factors,FGF5
Matrisome-associated,Secreted factors,FGF6
Matrisome-associated,Secreted factors,FGF7
Matrisome-associated,Secreted factors,FGF8
Matrisome-associated,Secreted factors,FGF9
Matrisome-associated,Secreted factors,FGFBP1
Matrisome-associated,Secreted factors,FGFBP2
Matrisome-associated,Secreted factors,FGFBP3
Matrisome-associated,Secreted factors,FIGF
Matrisome-associated,Secreted factors,FLG
Matrisome-associated,Secreted factors,FLG2
Matrisome-associated,Secreted factors,FLT3LG
Matrisome-associated,Secreted factors,FRZB
Matrisome-associated,Secreted factors,FST
Matrisome-associated,Secreted factors,FSTL1
Matrisome-associated,Secreted factors,FSTL3
Matrisome-associated,Secreted factors,GDF1
Matrisome-associated,Secreted factors,GDF10
Matrisome-associated,Secreted factors,GDF11
Matrisome-associated,Secreted factors,GDF15
Matrisome-associated,Secreted factors,GDF2
Matrisome-associated,Secreted factors,GDF3
Matrisome-associated,Secreted factors,GDF5
Matrisome-associated,Secreted factors,GDF6
Matrisome-associated,Secreted factors,GDF7
Matrisome-associated,Secreted factors,GDF9
Matrisome-associated,Secreted factors,GDNF
Matrisome-associated,Secreted factors,GH1
Matrisome-associated,Secreted factors,GH2
Matrisome-associated,Secreted factors,HBEGF
Matrisome-associated,Secreted factors,HCFC1
Matrisome-associated,Secreted factors,HCFC2
Matrisome-associated,Secreted factors,HGF
Matrisome-associated,Secreted factors,HGFAC
Matrisome-associated,Secreted factors,HHIP
Matrisome-associated,Secreted factors,HRNR
Matrisome-associated,Secreted factors,IFNA1
Matrisome-associated,Secreted factors,IFNA10
Matrisome-associated,Secreted factors,IFNA13
Matrisome-associated,Secreted factors,IFNA14
Matrisome-associated,Secreted factors,IFNA16
Matrisome-associated,Secreted factors,IFNA17
Matrisome-associated,Secreted factors,IFNA2
Matrisome-associated,Secreted factors,IFNA21
Matrisome-associated,Secreted factors,IFNA4
Matrisome-associated,Secreted factors,IFNA5
Matrisome-associated,Secreted factors,IFNA6
Matrisome-associated,Secreted factors,IFNA7
Matrisome-associated,Secreted factors,IFNA8
Matrisome-associated,Secreted factors,IFNB1
Matrisome-associated,Secreted factors,IFNE
Matrisome-associated,Secreted factors,IFNG
Matrisome-associated,Secreted factors,IFNK
Matrisome-associated,Secreted factors,IFNW1
Matrisome-associated,Secreted factors,IGF1
Matrisome-associated,Secreted factors,IGF2
Matrisome-associated,Secreted factors,IHH
Matrisome-associated,Secreted factors,IL10
Matrisome-associated,Secreted factors,IL11
Matrisome-associated,Secreted factors,IL12A
Matrisome-associated,Secreted factors,IL12B
Matrisome-associated,Secreted factors,IL13
Matrisome-associated,Secreted factors,IL15
Matrisome-associated,Secreted factors,IL16
Matrisome-associated,Secreted factors,IL17A
Matrisome-associated,Secreted factors,IL17B
Matrisome-associated,Secreted factors,IL17C
Matrisome-associated,Secreted factors,IL17D
Matrisome-associated,Secreted factors,IL17F
Matrisome-associated,Secreted factors,IL18
Matrisome-associated,Secreted factors,IL19
Matrisome-associated,Secreted factors,IL1A
Matrisome-associated,Secreted factors,IL1B
Matrisome-associated,Secreted factors,IL1F10
Matrisome-associated,Secreted factors,IL1F5
Matrisome-associated,Secreted factors,IL1F6
Matrisome-associated,Secreted factors,IL1F7
Matrisome-associated,Secreted factors,IL1F8
Matrisome-associated,Secreted factors,IL1F9
Matrisome-associated,Secreted factors,IL1RN
Matrisome-associated,Secreted factors,IL2
Matrisome-associated,Secreted factors,IL20
Matrisome-associated,Secreted factors,IL22
Matrisome-associated,Secreted factors,IL23A
Matrisome-associated,Secreted factors,IL24
Matrisome-associated,Secreted factors,IL25
Matrisome-associated,Secreted factors,IL26
Matrisome-associated,Secreted factors,IL3
Matrisome-associated,Secreted factors,IL34
Matrisome-associated,Secreted factors,IL4
Matrisome-associated,Secreted factors,IL5
Matrisome-associated,Secreted factors,IL6
Matrisome-associated,Secreted factors,IL7
Matrisome-associated,Secreted factors,IL9
Matrisome-associated,Secreted factors,INHA
Matrisome-associated,Secreted factors,INHBA
Matrisome-associated,Secreted factors,INHBB
Matrisome-associated,Secreted factors,INHBC
Matrisome-associated,Secreted factors,INHBE
Matrisome-associated,Secreted factors,INS
Matrisome-associated,Secreted factors,INS-IGF2
Matrisome-associated,Secreted factors,INSL3
Matrisome-associated,Secreted factors,INSL5
Matrisome-associated,Secreted factors,INSL6
Matrisome-associated,Secreted factors,ISM1
Matrisome-associated,Secreted factors,ISM2
Matrisome-associated,Secreted factors,KITLG
Matrisome-associated,Secreted factors,LEFTY1
Matrisome-associated,Secreted factors,LEFTY2
Matrisome-associated,Secreted factors,LEP
Matrisome-associated,Secreted factors,LIF
Matrisome-associated,Secreted factors,LTA
Matrisome-associated,Secreted factors,LTB
Matrisome-associated,Secreted factors,MDK
Matrisome-associated,Secreted factors,MEGF10
Matrisome-associated,Secreted factors,MEGF11
Matrisome-associated,Secreted factors,MEGF6
Matrisome-associated,Secreted factors,MEGF8
Matrisome-associated,Secreted factors,MEGF9
Matrisome-associated,Secreted factors,MST1
Matrisome-associated,Secreted factors,MST1L
Matrisome-associated,Secreted factors,MSTN
Matrisome-associated,Secreted factors,NGF
Matrisome-associated,Secreted factors,NODAL
Matrisome-associated,Secreted factors,NRG1
Matrisome-associated,Secreted factors,NRG2
Matrisome-associated,Secreted factors,NRG3
Matrisome-associated,Secreted factors,NRG4
Matrisome-associated,Secreted factors,NRTN
Matrisome-associated,Secreted factors,NTF3
Matrisome-associated,Secreted factors,NTF4
Matrisome-associated,Secreted factors,OSM
Matrisome-associated,Secreted factors,PDGFA
Matrisome-associated,Secreted factors,PDGFB
Matrisome-associated,Secreted factors,PDGFC
Matrisome-associated,Secreted factors,PDGFD
Matrisome-associated,Secreted factors,PF4
Matrisome-associated,Secreted factors,PF4V1
Matrisome-associated,Secreted factors,PGF
Matrisome-associated,Secreted factors,PIK3IP1
Matrisome-associated,Secreted factors,PPBP
Matrisome-associated,Secreted factors,PRL
Matrisome-associated,Secreted factors,PSPN
Matrisome-associated,Secreted factors,PTN
Matrisome-associated,Secreted factors,RPTN
Matrisome-associated,Secreted factors,S100A1
Matrisome-associated,Secreted factors,S100A10
Matrisome-associated,Secreted factors,S100A11
Matrisome-associated,Secreted factors,S100A12
Matrisome-associated,Secreted factors,S100A13
Matrisome-associated,Secreted factors,S100A14
Matrisome-associated,Secreted factors,S100A16
Matrisome-associated,Secreted factors,S100A2
Matrisome-associated,Secreted factors,S100A3
Matrisome-associated,Secreted factors,S100A4
Matrisome-associated,Secreted factors,S100A5
Matrisome-associated,Secreted factors,S100A6
Matrisome-associated,Secreted factors,S100A7
Matrisome-associated,Secreted factors,S100A7A
Matrisome-associated,Secreted factors,S100A7L2
Matrisome-associated,Secreted factors,S100A8
Matrisome-associated,Secreted factors,S100A9
Matrisome-associated,Secreted factors,S100B
Matrisome-associated,Secreted factors,S100G
Matrisome-associated,Secreted factors,S100P
Matrisome-associated,Secreted factors,S100Z
Matrisome-associated,Secreted factors,SCUBE1
Matrisome-associated,Secreted factors,SCUBE2
Matrisome-associated,Secreted factors,SCUBE3
Matrisome-associated,Secreted factors,SFRP1
Matrisome-associated,Secreted factors,SFRP2
Matrisome-associated,Secreted factors,SFRP4
Matrisome-associated,Secreted factors,SFRP5
Matrisome-associated,Secreted factors,SHH
Matrisome-associated,Secreted factors,TCHH
Matrisome-associated,Secreted factors,TCHHL1
Matrisome-associated,Secreted factors,TDGF1
Matrisome-associated,Secreted factors,TGFA
Matrisome-associated,Secreted factors,TGFB1
Matrisome-associated,Secreted factors,TGFB2
Matrisome-associated,Secreted factors,TGFB3
Matrisome-associated,Secreted factors,THPO
Matrisome-associated,Secreted factors,TNF
Matrisome-associated,Secreted factors,TNFSF10
Matrisome-associated,Secreted factors,TNFSF11
Matrisome-associated,Secreted factors,TNFSF12
Matrisome-associated,Secreted factors,TNFSF13
Matrisome-associated,Secreted factors,TNFSF13B
Matrisome-associated,Secreted factors,TNFSF14
Matrisome-associated,Secreted factors,TNFSF15
Matrisome-associated,Secreted factors,TNFSF18
Matrisome-associated,Secreted factors,TNFSF4
Matrisome-associated,Secreted factors,TNFSF8
Matrisome-associated,Secreted factors,TNFSF9
Matrisome-associated,Secreted factors,TPO
Matrisome-associated,Secreted factors,VEGFA
Matrisome-associated,Secreted factors,VEGFB
Matrisome-associated,Secreted factors,VEGFC
Matrisome-associated,Secreted factors,VWC2
Matrisome-associated,Secreted factors,VWC2L
Matrisome-associated,Secreted factors,WFIKKN1
Matrisome-associated,Secreted factors,WFIKKN2
Matrisome-associated,Secreted factors,WIF1
Matrisome-associated,Secreted factors,WNT1
Matrisome-associated,Secreted factors,WNT10A
Matrisome-associated,Secreted factors,WNT10B
Matrisome-associated,Secreted factors,WNT11
Matrisome-associated,Secreted factors,WNT16
Matrisome-associated,Secreted factors,WNT2
Matrisome-associated,Secreted factors,WNT2B
Matrisome-associated,Secreted factors,WNT3
Matrisome-associated,Secreted factors,WNT3A
Matrisome-associated,Secreted factors,WNT4
Matrisome-associated,Secreted factors,WNT5A
Matrisome-associated,Secreted factors,WNT5B
Matrisome-associated,Secreted factors,WNT6
Matrisome-associated,Secreted factors,WNT7A
Matrisome-associated,Secreted factors,WNT7B
Matrisome-associated,Secreted factors,WNT8A
Matrisome-associated,Secreted factors,WNT8B
Matrisome-associated,Secreted factors,WNT9A
Matrisome-associated,Secreted factors,WNT9B
Matrisome-associated,Secreted factors,XCL1
Matrisome-associated,Secreted factors,XCL2
Matrisome-associated,Secreted factors,ZFP91
Matrisome-associated,Secreted factors,CCL12
Matrisome-associated,Secreted factors,CCL21A
Matrisome-associated,Secreted factors,CCL21B
Matrisome-associated,Secreted factors,CCL21C
Matrisome-associated,Secreted factors,CCL27A
Matrisome-associated,Secreted factors,CCL6
Matrisome-associated,Secreted factors,CCL9
Matrisome-associated,Secreted factors,CTF2
Matrisome-associated,Secreted factors,CXCL15
Matrisome-associated,Secreted factors,FAM132A
Matrisome-associated,Secreted factors,FAM132B
Matrisome-associated,Secreted factors,FASL
Matrisome-associated,Secreted factors,FGF15
Matrisome-associated,Secreted factors,FLT3L
Matrisome-associated,Secreted factors,GH
Matrisome-associated,Secreted factors,GM13271
Matrisome-associated,Secreted factors,GM13272
Matrisome-associated,Secreted factors,GM13275
Matrisome-associated,Secreted factors,GM13276
Matrisome-associated,Secreted factors,GM13277
Matrisome-associated,Secreted factors,GM13278
Matrisome-associated,Secreted factors,GM13279
Matrisome-associated,Secreted factors,GM13283
Matrisome-associated,Secreted factors,GM13285
Matrisome-associated,Secreted factors,GM13287
Matrisome-associated,Secreted factors,GM13288
Matrisome-associated,Secreted factors,GM13289
Matrisome-associated,Secreted factors,GM13290
Matrisome-associated,Secreted factors,GM13306
Matrisome-associated,Secreted factors,GM5849
Matrisome-associated,Secreted factors,IFNA11
Matrisome-associated,Secreted factors,IFNA12
Matrisome-associated,Secreted factors,IFNA15
Matrisome-associated,Secreted factors,IFNA9
Matrisome-associated,Secreted factors,IFNAB
Matrisome-associated,Secreted factors,IFNZ
Matrisome-associated,Secreted factors,INS1
Matrisome-associated,Secreted factors,INS2
Matrisome-associated,Secreted factors,KITL
Matrisome-associated,Secreted factors,NTF5
Matrisome-associated,Secreted factors,PRL2A1
Matrisome-associated,Secreted factors,PRL2B1
Matrisome-associated,Secreted factors,PRL2C1
Matrisome-associated,Secreted factors,PRL2C2
Matrisome-associated,Secreted factors,PRL2C3
Matrisome-associated,Secreted factors,PRL2C4
Matrisome-associated,Secreted factors,PRL2C5
Matrisome-associated,Secreted factors,PRL3A1
Matrisome-associated,Secreted factors,PRL3B1
Matrisome-associated,Secreted factors,PRL3C1
Matrisome-associated,Secreted factors,PRL3D1
Matrisome-associated,Secreted factors,PRL3D2
Matrisome-associated,Secreted factors,PRL3D3
Matrisome-associated,Secreted factors,PRL4A1
Matrisome-associated,Secreted factors,PRL5A1
Matrisome-associated,Secreted factors,PRL6A1
Matrisome-associated,Secreted factors,PRL7A1
Matrisome-associated,Secreted factors,PRL7A2
Matrisome-associated,Secreted factors,PRL7B1
Matrisome-associated,Secreted factors,PRL7C1
Matrisome-associated,Secreted factors,PRL7D1
Matrisome-associated,Secreted factors,PRL8A1
Matrisome-associated,Secreted factors,PRL8A2
Matrisome-associated,Secreted factors,PRL8A6
Matrisome-associated,Secreted factors,PRL8A8
Matrisome-associated,Secreted factors,PRL8A9
Matrisome-associated,Secreted factors,TNFSF12TNFSF13